<assembly xmlns="http://maven.apache.org/plugins/maven-assembly-plugin/assembly/1.1.0" xmlns:xsi="http://www.w3.org/2001/XMLSchema-instance"
          xsi:schemaLocation="http://maven.apache.org/plugins/maven-assembly-plugin/assembly/1.1.0 http://maven.apache.org/xsd/assembly-1.1.0.xsd">
  <id>source</id>
  <baseDirectory>/</baseDirectory>
  <formats>
    <format>zip</format>
  </formats>
  <fileSets>
    <fileSet>
      <includes>
        <include>readme.md</include>
        <include>assembly.xml</include>
        <include>pom.xml</include>
        <include>src/</include>
      </includes>
    </fileSet>
  </fileSets>
</assembly>